seqnames	start	end	width	strand	Symbol	ID	assembly	exome
chr1	231347858	231347859	2	+	SPRTN	crispieRLib_ATAACGACAAAGACCGAGAA	data/hg38.2020-09-22.2bit	data/hg38.refseq.exons.tsv.gz
chr7	90747762	90747763	2	+	CDK14	crispieRLib_TCTTATGCTACAGTATACAA	data/hg38.2020-09-22.2bit	data/hg38.refseq.exons.tsv.gz
chr1	43364396	43364397	2	-	ELOVL1	crispieRLib_GTCATAATGTACCTGTACTA	data/hg38.2020-09-22.2bit	data/hg38.refseq.exons.tsv.gz
chr10	45382656	45382657	2	+	ALOX5	crispieRLib_CTGGATCACCGGCGATGTCG	data/hg38.2020-09-22.2bit	data/hg38.refseq.exons.tsv.gz
chr10_GL383546v1_alt	223487	223488	2	+	ALOX5	crispieRLib_CTGGATCACCGGCGATGTCG	data/hg38.2020-09-22.2bit	data/hg38.refseq.exons.tsv.gz
chr19	10154294	10154295	2	-	DNMT1	crispieRLib_CCGGCGATGTGGCGTCTGTG	data/hg38.2020-09-22.2bit	data/hg38.refseq.exons.tsv.gz
chr1	43365200	43365201	2	+	ELOVL1	crispieRLib_CCACCTCATAGACAATGTAG	data/hg38.2020-09-22.2bit	data/hg38.refseq.exons.tsv.gz
chr10	45440550	45440551	2	-	ALOX5	crispieRLib_CAGATGTGTTCGCAGAAGGT	data/hg38.2020-09-22.2bit	data/hg38.refseq.exons.tsv.gz
chr10_GL383546v1_alt	281381	281382	2	-	ALOX5	crispieRLib_CAGATGTGTTCGCAGAAGGT	data/hg38.2020-09-22.2bit	data/hg38.refseq.exons.tsv.gz
chr7	90955754	90955755	2	+	CDK14	crispieRLib_CCAACGAAGTGGTTACCTTG	data/hg38.2020-09-22.2bit	data/hg38.refseq.exons.tsv.gz
chr1	231351384	231351385	2	-	SPRTN	crispieRLib_TTGACATAGCCGTAATACGG	data/hg38.2020-09-22.2bit	data/hg38.refseq.exons.tsv.gz
chr10	45382503	45382504	2	+	ALOX5	crispieRLib_GGATTCATACGACGTGACTG	data/hg38.2020-09-22.2bit	data/hg38.refseq.exons.tsv.gz
chr10_GL383546v1_alt	223334	223335	2	+	ALOX5	crispieRLib_GGATTCATACGACGTGACTG	data/hg38.2020-09-22.2bit	data/hg38.refseq.exons.tsv.gz
chr17	37191141	37191142	2	+	ACACA	crispieRLib_TGATGGGTCCATGATAACCG	data/hg38.2020-09-22.2bit	data/hg38.refseq.exons.tsv.gz
chr17_KI270857v1_alt	1427147	1427148	2	+	ACACA	crispieRLib_TGATGGGTCCATGATAACCG	data/hg38.2020-09-22.2bit	data/hg38.refseq.exons.tsv.gz
chr17	37248076	37248077	2	-	ACACA	crispieRLib_GATGTACATCGGCTGAGTGA	data/hg38.2020-09-22.2bit	data/hg38.refseq.exons.tsv.gz
chr17_KI270857v1_alt	1484065	1484066	2	-	ACACA	crispieRLib_GATGTACATCGGCTGAGTGA	data/hg38.2020-09-22.2bit	data/hg38.refseq.exons.tsv.gz
chr17	37200472	37200473	2	+	ACACA	crispieRLib_CCGGATCCCATGGTCAACCA	data/hg38.2020-09-22.2bit	data/hg38.refseq.exons.tsv.gz
chr17_KI270857v1_alt	1436480	1436481	2	+	ACACA	crispieRLib_CCGGATCCCATGGTCAACCA	data/hg38.2020-09-22.2bit	data/hg38.refseq.exons.tsv.gz
chr17	43094569	43094570	2	-	BRCA1	crispieRLib_AAGGAGCCAACATAACAGAT	data/hg38.2020-09-22.2bit	data/hg38.refseq.exons.tsv.gz
chr7	90726787	90726788	2	+	CDK14	crispieRLib_GCAAAGAGTCACCTAAAGTT	data/hg38.2020-09-22.2bit	data/hg38.refseq.exons.tsv.gz
chr7	90726626	90726627	2	+	CDK14	crispieRLib_GGACTCAGTGATCAAACCCC	data/hg38.2020-09-22.2bit	data/hg38.refseq.exons.tsv.gz
chr10	45424975	45424976	2	+	ALOX5	crispieRLib_TAGAGCGGGTCATGAATCAC	data/hg38.2020-09-22.2bit	data/hg38.refseq.exons.tsv.gz
chr10_GL383546v1_alt	265806	265807	2	+	ALOX5	crispieRLib_TAGAGCGGGTCATGAATCAC	data/hg38.2020-09-22.2bit	data/hg38.refseq.exons.tsv.gz
chr1	231339865	231339866	2	+	SPRTN	crispieRLib_GCCAAGAAAGGATCTTGTAG	data/hg38.2020-09-22.2bit	data/hg38.refseq.exons.tsv.gz
chr1	26763184	26763185	2	-	ARID1A	crispieRLib_CACATCCCTGACCCAACCTG	data/hg38.2020-09-22.2bit	data/hg38.refseq.exons.tsv.gz
chr19	10154697	10154698	2	-	DNMT1	crispieRLib_GCGACACGCGCAGTTTGTGG	data/hg38.2020-09-22.2bit	data/hg38.refseq.exons.tsv.gz
chr20	5119595	5119596	2	-	PCNA	crispieRLib_TGCGACCGCAACCTGGCCAT	data/hg38.2020-09-22.2bit	data/hg38.refseq.exons.tsv.gz
chr20	5119595	5119596	2	-	PCNA-AS1	crispieRLib_TGCGACCGCAACCTGGCCAT	data/hg38.2020-09-22.2bit	data/hg38.refseq.exons.tsv.gz
chr1	231352621	231352622	2	+	SPRTN	crispieRLib_TTGGCAGATAAACCCAACAG	data/hg38.2020-09-22.2bit	data/hg38.refseq.exons.tsv.gz
