Symbol	Ensembl_gene_ID	NCBI_gene_ID	HGNC_ID
SPRTN	ENSG00000010072	83932	HGNC:25356
CDK14	ENSG00000058091	5218	HGNC:8883
ELOVL1	ENSG00000066322	64834	HGNC:14418
ALOX5	ENSG00000012779	240	HGNC:435
DNMT1	ENSG00000130816	1786	HGNC:2976
ACACA	ENSG00000278540	31	HGNC:84
BRCA1	ENSG00000012048	672	HGNC:1100
ARID1A	ENSG00000117713	8289	HGNC:11110
PCNA	ENSG00000132646	5111	HGNC:8729
PCNA-AS1			
