ID	sgRNA	seqnames	guideBegin	guideFinal	strand	assembly	start	end	width	Symbol	exome	Ensembl_gene_ID	NCBI_gene_ID	HGNC_ID
crispieRLib_ATAACGACAAAGACCGAGAA	ATAACGACAAAGACCGAGAA	chr1	231347839	231347862	+	data/hg38.2020-09-22.2bit	231347858	231347859	2	SPRTN	data/hg38.refseq.exons.tsv.gz	ENSG00000010072	83932	HGNC:25356
crispieRLib_TCTTATGCTACAGTATACAA	TCTTATGCTACAGTATACAA	chr7	90747743	90747766	+	data/hg38.2020-09-22.2bit	90747762	90747763	2	CDK14	data/hg38.refseq.exons.tsv.gz	ENSG00000058091	5218	HGNC:8883
crispieRLib_GTCATAATGTACCTGTACTA	GTCATAATGTACCTGTACTA	chr1	43364393	43364416	-	data/hg38.2020-09-22.2bit	43364396	43364397	2	ELOVL1	data/hg38.refseq.exons.tsv.gz	ENSG00000066322	64834	HGNC:14418
crispieRLib_CTGGATCACCGGCGATGTCG	CTGGATCACCGGCGATGTCG	chr10	45382637	45382660	+	data/hg38.2020-09-22.2bit	45382656	45382657	2	ALOX5	data/hg38.refseq.exons.tsv.gz	ENSG00000012779	240	HGNC:435
crispieRLib_CTGGATCACCGGCGATGTCG	CTGGATCACCGGCGATGTCG	chr10_GL383546v1_alt	223468	223491	+	data/hg38.2020-09-22.2bit	223487	223488	2	ALOX5	data/hg38.refseq.exons.tsv.gz	ENSG00000012779	240	HGNC:435
crispieRLib_CCGGCGATGTGGCGTCTGTG	CCGGCGATGTGGCGTCTGTG	chr19	10154291	10154314	-	data/hg38.2020-09-22.2bit	10154294	10154295	2	DNMT1	data/hg38.refseq.exons.tsv.gz	ENSG00000130816	1786	HGNC:2976
crispieRLib_CCACCTCATAGACAATGTAG	CCACCTCATAGACAATGTAG	chr1	43365181	43365204	+	data/hg38.2020-09-22.2bit	43365200	43365201	2	ELOVL1	data/hg38.refseq.exons.tsv.gz	ENSG00000066322	64834	HGNC:14418
crispieRLib_CAGATGTGTTCGCAGAAGGT	CAGATGTGTTCGCAGAAGGT	chr10	45440547	45440570	-	data/hg38.2020-09-22.2bit	45440550	45440551	2	ALOX5	data/hg38.refseq.exons.tsv.gz	ENSG00000012779	240	HGNC:435
crispieRLib_CAGATGTGTTCGCAGAAGGT	CAGATGTGTTCGCAGAAGGT	chr10_GL383546v1_alt	281378	281401	-	data/hg38.2020-09-22.2bit	281381	281382	2	ALOX5	data/hg38.refseq.exons.tsv.gz	ENSG00000012779	240	HGNC:435
crispieRLib_CCAACGAAGTGGTTACCTTG	CCAACGAAGTGGTTACCTTG	chr7	90955735	90955758	+	data/hg38.2020-09-22.2bit	90955754	90955755	2	CDK14	data/hg38.refseq.exons.tsv.gz	ENSG00000058091	5218	HGNC:8883
crispieRLib_TTGACATAGCCGTAATACGG	TTGACATAGCCGTAATACGG	chr1	231351381	231351404	-	data/hg38.2020-09-22.2bit	231351384	231351385	2	SPRTN	data/hg38.refseq.exons.tsv.gz	ENSG00000010072	83932	HGNC:25356
crispieRLib_GGATTCATACGACGTGACTG	GGATTCATACGACGTGACTG	chr10	45382484	45382507	+	data/hg38.2020-09-22.2bit	45382503	45382504	2	ALOX5	data/hg38.refseq.exons.tsv.gz	ENSG00000012779	240	HGNC:435
crispieRLib_GGATTCATACGACGTGACTG	GGATTCATACGACGTGACTG	chr10_GL383546v1_alt	223315	223338	+	data/hg38.2020-09-22.2bit	223334	223335	2	ALOX5	data/hg38.refseq.exons.tsv.gz	ENSG00000012779	240	HGNC:435
crispieRLib_TGATGGGTCCATGATAACCG	TGATGGGTCCATGATAACCG	chr17	37191122	37191145	+	data/hg38.2020-09-22.2bit	37191141	37191142	2	ACACA	data/hg38.refseq.exons.tsv.gz	ENSG00000278540	31	HGNC:84
crispieRLib_TGATGGGTCCATGATAACCG	TGATGGGTCCATGATAACCG	chr17_KI270857v1_alt	1427128	1427151	+	data/hg38.2020-09-22.2bit	1427147	1427148	2	ACACA	data/hg38.refseq.exons.tsv.gz	ENSG00000278540	31	HGNC:84
crispieRLib_GATGTACATCGGCTGAGTGA	GATGTACATCGGCTGAGTGA	chr17	37248073	37248096	-	data/hg38.2020-09-22.2bit	37248076	37248077	2	ACACA	data/hg38.refseq.exons.tsv.gz	ENSG00000278540	31	HGNC:84
crispieRLib_GATGTACATCGGCTGAGTGA	GATGTACATCGGCTGAGTGA	chr17_KI270857v1_alt	1484062	1484085	-	data/hg38.2020-09-22.2bit	1484065	1484066	2	ACACA	data/hg38.refseq.exons.tsv.gz	ENSG00000278540	31	HGNC:84
crispieRLib_CCGGATCCCATGGTCAACCA	CCGGATCCCATGGTCAACCA	chr17	37200453	37200476	+	data/hg38.2020-09-22.2bit	37200472	37200473	2	ACACA	data/hg38.refseq.exons.tsv.gz	ENSG00000278540	31	HGNC:84
crispieRLib_CCGGATCCCATGGTCAACCA	CCGGATCCCATGGTCAACCA	chr17_KI270857v1_alt	1436461	1436484	+	data/hg38.2020-09-22.2bit	1436480	1436481	2	ACACA	data/hg38.refseq.exons.tsv.gz	ENSG00000278540	31	HGNC:84
crispieRLib_AAGGAGCCAACATAACAGAT	AAGGAGCCAACATAACAGAT	chr17	43094566	43094589	-	data/hg38.2020-09-22.2bit	43094569	43094570	2	BRCA1	data/hg38.refseq.exons.tsv.gz	ENSG00000012048	672	HGNC:1100
crispieRLib_GCAAAGAGTCACCTAAAGTT	GCAAAGAGTCACCTAAAGTT	chr7	90726768	90726791	+	data/hg38.2020-09-22.2bit	90726787	90726788	2	CDK14	data/hg38.refseq.exons.tsv.gz	ENSG00000058091	5218	HGNC:8883
crispieRLib_GGACTCAGTGATCAAACCCC	GGACTCAGTGATCAAACCCC	chr7	90726607	90726630	+	data/hg38.2020-09-22.2bit	90726626	90726627	2	CDK14	data/hg38.refseq.exons.tsv.gz	ENSG00000058091	5218	HGNC:8883
crispieRLib_TAGAGCGGGTCATGAATCAC	TAGAGCGGGTCATGAATCAC	chr10	45424956	45424979	+	data/hg38.2020-09-22.2bit	45424975	45424976	2	ALOX5	data/hg38.refseq.exons.tsv.gz	ENSG00000012779	240	HGNC:435
crispieRLib_TAGAGCGGGTCATGAATCAC	TAGAGCGGGTCATGAATCAC	chr10_GL383546v1_alt	265787	265810	+	data/hg38.2020-09-22.2bit	265806	265807	2	ALOX5	data/hg38.refseq.exons.tsv.gz	ENSG00000012779	240	HGNC:435
crispieRLib_GCCAAGAAAGGATCTTGTAG	GCCAAGAAAGGATCTTGTAG	chr1	231339846	231339869	+	data/hg38.2020-09-22.2bit	231339865	231339866	2	SPRTN	data/hg38.refseq.exons.tsv.gz	ENSG00000010072	83932	HGNC:25356
crispieRLib_CACATCCCTGACCCAACCTG	CACATCCCTGACCCAACCTG	chr1	26763181	26763204	-	data/hg38.2020-09-22.2bit	26763184	26763185	2	ARID1A	data/hg38.refseq.exons.tsv.gz	ENSG00000117713	8289	HGNC:11110
crispieRLib_GCGACACGCGCAGTTTGTGG	GCGACACGCGCAGTTTGTGG	chr19	10154694	10154717	-	data/hg38.2020-09-22.2bit	10154697	10154698	2	DNMT1	data/hg38.refseq.exons.tsv.gz	ENSG00000130816	1786	HGNC:2976
crispieRLib_TGCGACCGCAACCTGGCCAT	TGCGACCGCAACCTGGCCAT	chr20	5119592	5119615	-	data/hg38.2020-09-22.2bit	5119595	5119596	2	PCNA	data/hg38.refseq.exons.tsv.gz	ENSG00000132646	5111	HGNC:8729
crispieRLib_TGCGACCGCAACCTGGCCAT	TGCGACCGCAACCTGGCCAT	chr20	5119592	5119615	-	data/hg38.2020-09-22.2bit	5119595	5119596	2	PCNA-AS1	data/hg38.refseq.exons.tsv.gz	X	X	X
crispieRLib_TTGGCAGATAAACCCAACAG	TTGGCAGATAAACCCAACAG	chr1	231352602	231352625	+	data/hg38.2020-09-22.2bit	231352621	231352622	2	SPRTN	data/hg38.refseq.exons.tsv.gz	ENSG00000010072	83932	HGNC:25356
